Time,neuralsync
0,0.17813
0.02,0.15294
0.04,0.15865
0.06,0.41358
0.08,0.48095
0.1,0.51351
0.12,0.48727
0.14,0.76206
0.16,0.84889
0.18,0.60634
0.2,0.94668
0.22,0.96176
0.24,0.84355
0.26,0.87424
0.28,0.79004
0.3,0.67301
0.32,0.64416
0.34,0.72519
0.36,0.34313
0.38,0.40046
0.4,0.27634
0.42,0.06340
0.44,-0.03610
0.46,-0.25829
0.48,-0.32708
0.5,-0.35907
0.52,-0.43931
0.54,-0.66384
0.56,-0.35905
0.58,-0.79939
0.6,-0.79284
0.62,-0.87630
0.64,-0.92451
0.66,-0.76886
0.68,-0.94428
0.7,-0.74355
0.72,-0.72705
0.74,-0.89449
0.76,-0.62060
0.78,-0.71026
0.8,-0.28106
0.82,-0.49295
0.84,-0.44019
0.86,-0.42304
0.88,-0.24328
0.9,-0.05243
0.92,0.02497
0.94,0.11846
0.96,0.28377
0.98,0.43813
1,0.70096
1.02,0.47311
1.04,0.66448
1.06,0.68809
1.08,0.68249
1.1,0.74390
1.12,0.80201
1.14,0.97170
1.16,0.87343
1.18,0.81753
1.2,0.89718
1.22,0.81577
1.24,0.70486
1.26,0.69408
1.28,0.49147
1.3,0.54727
1.32,0.43450
1.34,0.24445
1.36,0.05781
1.38,0.22366
1.4,-0.02759
1.42,0.16048
1.44,-0.31504
1.46,-0.26544
1.48,-0.48976
1.5,-0.50990
1.52,-0.53305
1.54,-0.76860
1.56,-0.76129
1.58,-0.78740
1.6,-0.83343
1.62,-0.81509
1.64,-0.79060
1.66,-0.81659
1.68,-0.86893
1.7,-0.91396
1.72,-0.96526
1.74,-0.88849
1.76,-0.82065
1.78,-0.64331
1.8,-0.68347
1.82,-0.69953
1.84,-0.43445
1.86,-0.49382
1.88,-0.40217
1.9,-0.25706
1.92,-0.09379
1.94,-0.28803
1.96,-0.06444
1.98,0.15867
2,0.19608
2.02,0.23446
2.04,0.35132
2.06,0.62386
2.08,0.51418
2.1,0.69931
2.12,0.76880
2.14,0.69892
2.16,0.83494
2.18,0.78422
2.2,0.79858
2.22,0.76898
2.24,0.98252
2.26,0.86015
2.28,0.84128
2.3,0.77201
2.32,1.04587
2.34,0.91166
2.36,0.78934
2.38,0.69132
2.4,0.55952
2.42,0.68741
2.44,0.62738
2.46,0.39319
2.48,0.58145
2.5,0.47057
2.52,0.22151
2.54,0.18461
2.56,0.11828
2.58,0.09696
2.6,-0.01411
2.62,-0.24356
2.64,-0.01142
2.66,-0.20480
2.68,-0.18583
2.7,-0.25922
2.72,-0.47508
2.74,-0.48598
2.76,-0.50826
2.78,-0.56214
2.8,-0.70774
2.82,-0.80013
2.84,-0.77618
2.86,-0.89543
2.88,-0.90041
2.9,-1.07117
2.92,-0.87680
2.94,-0.99846
2.96,-0.95552
2.98,-0.90292
3,-0.85757
3.02,-0.68503
3.04,-0.83229
3.06,-0.96679
3.08,-0.77928
3.1,-0.81319
3.12,-0.66957
3.14,-0.72889
3.16,-0.67726
3.18,-0.59923
3.2,-0.54852
3.22,-0.60230
3.24,-0.41753
3.26,-0.28025
3.28,-0.08471
3.3,-0.15822
3.32,-0.08899
3.34,0.08396
3.36,0.15786
3.38,0.34142
3.4,0.31654
3.42,0.33108
3.44,0.53969
3.46,0.62889
3.48,0.49512
3.5,0.62124
3.52,0.49557
3.54,0.68031
3.56,0.67572
3.58,0.78380
3.6,0.79138
3.62,0.84999
3.64,0.87563
3.66,0.94648
3.68,0.92294
3.7,0.83763
3.72,0.74989
3.74,0.97820
3.76,0.96323
3.78,0.73380
3.8,0.78427
3.82,0.51585
3.84,0.44444
3.86,0.49829
3.88,0.59017
3.9,0.24999
3.92,0.17773
3.94,0.32430
3.96,-0.12633
3.98,0.02545
4,-0.09291
4.02,-0.26375
4.04,-0.32318
4.06,-0.17481
4.08,-0.63919
4.1,-0.64059
4.12,-0.70754
4.14,-0.81782
4.16,-0.93764
4.18,-0.68722
4.2,-0.85535
4.22,-1.07105
4.24,-0.97011
4.26,-0.85036
4.28,-0.82817
4.3,-0.97695
4.32,-0.79374
4.34,-0.69818
4.36,-0.61357
4.38,-0.53190
4.4,-0.66344
4.42,-0.19886
4.44,-0.25904
4.46,0.00807
4.48,0.22396
4.5,0.03260
4.52,0.03542
4.54,0.35279
4.56,0.35170
4.58,0.42230
4.6,0.45459
4.62,0.80866
4.64,0.66790
4.66,0.63378
4.68,0.77901
4.7,0.74584
4.72,0.90247
4.74,0.85687
4.76,0.79212
4.78,0.94412
4.8,0.79300
4.82,0.89090
4.84,0.89421
4.86,0.67070
4.88,0.57116
4.9,0.57585
4.92,0.55753
4.94,0.37421
4.96,0.28956
4.98,0.17031
5,0.09935
5.02,0.02558
5.04,-0.21273
5.06,-0.29309
5.08,-0.33969
5.1,-0.50501
5.12,-0.51313
5.14,-0.55420
5.16,-0.68276
5.18,-0.80448
5.2,-0.87534
5.22,-0.66527
5.24,-0.78405
5.26,-1.00378
5.28,-0.98392
5.3,-0.70854
5.32,-0.72906
5.34,-0.84005
5.36,-0.69854
5.38,-0.91381
5.4,-0.70577
5.42,-0.56340
5.44,-0.74677
5.46,-0.55508
5.48,-0.30834
5.5,-0.17832
5.52,-0.25194
5.54,-0.06230
5.56,0.17125
5.58,0.07525
5.6,0.08086
5.62,0.30598
5.64,0.36666
5.66,0.62464
5.68,0.59268
5.7,0.57112
5.72,0.95762
5.74,0.72451
5.76,0.86873
5.78,0.92547
5.8,0.96159
5.82,0.91440
5.84,0.95817
5.86,0.88355
5.88,0.72782
5.9,0.81598
5.92,0.77559
5.94,0.72493
5.96,0.69406
5.98,0.54701
6,0.66302
6.02,0.60180
6.04,0.13382
6.06,0.25899
6.08,0.08791
6.1,-0.20277
6.12,-0.00298
6.14,-0.20715
6.16,-0.28226
6.18,-0.40611
6.2,-0.32415
6.22,-0.39527
6.24,-0.57122
6.26,-0.60163
6.28,-0.74563
6.3,-0.77442
6.32,-0.90658
6.34,-0.86226
6.36,-0.95933
6.38,-0.86155
6.4,-0.81551
6.42,-0.85504
6.44,-0.74431
6.46,-0.55925
6.48,-0.99389
6.5,-0.72682
6.52,-0.72070
6.54,-0.63666
6.56,-0.64641
6.58,-0.41843
6.6,-0.35717
6.62,-0.29806
6.64,-0.16065
6.66,-0.09320
6.68,-0.16649
6.7,0.27640
6.72,0.23701
6.74,0.26768
6.76,0.48393
6.78,0.47190
6.8,0.39872
6.82,0.77492
6.84,0.57989
6.86,0.77750
6.88,0.85293
6.9,1.00670
6.92,1.01043
6.94,0.91629
6.96,0.82018
6.98,0.84027
7,0.96470
7.02,0.99772
7.04,0.82612
7.06,0.65007
7.08,0.75118
7.1,0.53612
7.12,0.45093
7.14,0.37560
7.16,0.36915
7.18,0.24033
7.2,0.21203
7.22,0.14090
7.24,-0.03905
7.26,-0.42407
7.28,-0.45855
7.3,-0.36738
7.32,-0.47916
7.34,-0.34018
7.36,-0.63543
7.38,-0.71590
7.4,-0.66552
7.42,-0.70304
7.44,-0.87224
7.46,-0.82976
7.48,-1.00761
7.5,-0.99432
7.52,-0.77094
7.54,-1.01778
7.56,-0.75645
7.58,-0.74167
7.6,-0.68291
7.62,-0.60932
7.64,-0.57598
7.66,-0.77020
7.68,-0.57308
7.7,-0.44332
7.72,-0.19735
7.74,-0.30357
7.76,-0.16080
7.78,-0.02496
7.8,0.24446
7.82,0.06876
7.84,0.17480
7.86,0.46627
7.88,0.27921
7.9,0.60689
7.92,0.60288
7.94,0.55690
7.96,0.72975
7.98,0.71889
8,0.87273
